<?xml version="1.0" encoding="UTF-8"?>
<project-private xmlns="http://www.netbeans.org/ns/project-private/1">
    <editor-bookmarks xmlns="http://www.netbeans.org/ns/editor-bookmarks/2" lastBookmarkId="0"/>
    <open-files xmlns="http://www.netbeans.org/ns/projectui-open-files/2">
        <group>
            <file>file:/C:/practicas/prueba-MA/JavaWeb/02Servlet/src/java/negocio/ServletAutobus.java</file>
            <file>file:/C:/practicas/prueba-MA/JavaWeb/02Servlet/web/success.html</file>
            <file>file:/C:/practicas/prueba-MA/JavaWeb/02Servlet/src/java/model/Autobus.java</file>
            <file>file:/C:/practicas/prueba-MA/JavaWeb/02Servlet/src/java/db/AutobusDB.java</file>
            <file>file:/C:/practicas/prueba-MA/JavaWeb/02Servlet/web/registro.html</file>
        </group>
    </open-files>
</project-private>
